{
  "Periods": {
    "0": "horas_vazias",
    "1": "horas_cheias"
  },
  "Total Consumption": {
    "0": 0.3620454598,
    "1": 0.9433911686
  },
  "Dish washer": {
    "0": 0.0,
    "1": 0.0757895255
  },
  "Washing Machine": {
    "0": 0.0030255845,
    "1": 0.0815034384
  },
  "Dryer": {
    "0": 0.0,
    "1": 0.058643539
  },
  "Water heater": {
    "0": 0.025625,
    "1": 0.0497736175
  },
  "TV": {
    "0": 0.0016335696,
    "1": 0.024865981
  },
  "Microwave": {
    "0": 0.0146780249,
    "1": 0.0365518511
  },
  "Kettle": {
    "0": 0.0015288092,
    "1": 0.021222871
  },
  "Lighting": {
    "0": 0.004422043,
    "1": 0.0088659754
  },
  "Refrigerator": {
    "0": 0.0291516129,
    "1": 0.0383870968
  }
}