{
  "Periods": {
    "0": "horas_vazias",
    "1": "horas_cheias"
  },
  "Total Consumption": {
    "0": 0.99542084,
    "1": 1.7342092857
  },
  "Dish washer": {
    "0": 0.0030022194,
    "1": 0.1403613667
  },
  "Washing Machine": {
    "0": 0.0021546905,
    "1": 0.117156499
  },
  "Dryer": {
    "0": 0.0,
    "1": 0.0513280986
  },
  "Water heater": {
    "0": 0.059625,
    "1": 0.1014107143
  },
  "TV": {
    "0": 0.0024213647,
    "1": 0.0266507872
  },
  "Microwave": {
    "0": 0.02157298,
    "1": 0.0446793505
  },
  "Kettle": {
    "0": 0.0332941057,
    "1": 0.0533941772
  },
  "Lighting": {
    "0": 0.0082319892,
    "1": 0.0539360599
  },
  "Refrigerator": {
    "0": 0.0308225806,
    "1": 0.037983871
  }
}
