{
  "Periods": {
    "0": "horas_vazias",
    "1": "horas_cheias"
  },
  "Total Consumption": {
    "0": 6.0317217572,
    "1": 6.9858535095
  },
  "Dish washer": {
    "0": 1.43282,
    "1": 2.2570428571
  },
  "Washing Machine": {
    "0": 1.410584,
    "1": 2.5302888889
  },
  "Dryer": {
    "0": 0.0,
    "1": 2.5839666667
  },
  "Water heater": {
    "0": 1.016,
    "1": 1.103
  },
  "TV": {
    "0": 0.1876588235,
    "1": 0.21806
  },
  "Microwave": {
    "0": 2.808,
    "1": 2.808
  },
  "Kettle": {
    "0": 2.808,
    "1": 2.953
  },
  "Lighting": {
    "0": 0.3426666667,
    "1": 0.44
  },
  "Refrigerator": {
    "0": 0.14,
    "1": 0.14
  }
}
